"id","photo","title"
"tt0081505","tt0081505.jpg","The Shining"
"tt0078748","tt0078748.jpg","Alien"
"tt0480249","tt0480249.jpg","I Am Legend"
"tt0816711","tt0816711.jpg","World War Z"
"tt0054215","tt0054215.jpg","Psycho"
"tt0365748","tt0365748.jpg","Shaun of the Dead"
"tt1156398","tt1156398.jpg","Zombieland"
"tt1457767","tt1457767.jpg","The Conjuring"
"tt0387564","tt0387564.jpg","Saw"
"tt0289043","tt0289043.jpg","28 Days Later..."
"tt1060277","tt1060277.jpg","Cloverfield"
"tt1259521","tt1259521.jpg","The Cabin in the Woods"
"tt0070047","tt0070047.jpg","The Exorcist"
"tt0408236","tt0408236.jpg","Sweeney Todd: The Demon Barber of Fleet Street"
"tt0084787","tt0084787.jpg","The Thing"
"tt0230600","tt0230600.jpg","The Others"
"tt0162661","tt0162661.jpg","Sleepy Hollow"
"tt0298130","tt0298130.jpg","The Ring"
"tt0167190","tt0167190.jpg","Hellboy"
"tt0110148","tt0110148.jpg","Interview with the Vampire: The Vampire Chronicles"
"tt0360486","tt0360486.jpg","Constantine"
"tt0884328","tt0884328.jpg","The Mist"
"tt0117571","tt0117571.jpg","Scream"
"tt4972582","tt4972582.jpg","Split"
"tt0116367","tt0116367.jpg","From Dusk Till Dawn"
"tt1591095","tt1591095.jpg","Insidious"
"tt5052448","tt5052448.jpg","Get Out"
"tt0450385","tt0450385.jpg",1408
"tt1396484","tt1396484.jpg","It"
"tt0120804","tt0120804.jpg","Resident Evil"
"tt1077368","tt1077368.jpg","Dark Shadows"
"tt0363547","tt0363547.jpg","Dawn of the Dead"
"tt0134847","tt0134847.jpg","Pitch Black"
"tt0185937","tt0185937.jpg","The Blair Witch Project"
"tt1588173","tt1588173.jpg","Warm Bodies"
"tt1179904","tt1179904.jpg","Paranormal Activity"
"tt0195714","tt0195714.jpg","Final Destination"
"tt0259324","tt0259324.jpg","Ghost Rider"
"tt0384537","tt0384537.jpg","Silent Hill"
"tt1139797","tt1139797.jpg","Let the Right One In"
"tt0910970","tt0910970.jpg","WALL�E"
"tt0266543","tt0266543.jpg","Finding Nemo"
"tt1049413","tt1049413.jpg","Up"
"tt0110357","tt0110357.jpg","The Lion King"
"tt0114709","tt0114709.jpg","Toy Story"
"tt0198781","tt0198781.jpg","Monsters, Inc."
"tt0892769","tt0892769.jpg","How to Train Your Dragon"
"tt0317705","tt0317705.jpg","The Incredibles"
"tt0382932","tt0382932.jpg","Ratatouille"
"tt0126029","tt0126029.jpg","Shrek"
"tt0245429","tt0245429.jpg","Spirited Away"
"tt2294629","tt2294629.jpg","Frozen"
"tt2096673","tt2096673.jpg","Inside Out"
"tt1323594","tt1323594.jpg","Despicable Me"
"tt0268380","tt0268380.jpg","Ice Age"
"tt0101414","tt0101414.jpg","Beauty and the Beast"
"tt0441773","tt0441773.jpg","Kung Fu Panda"
"tt0398286","tt0398286.jpg","Tangled"
"tt2948356","tt2948356.jpg","Zootropolis"
"tt2245084","tt2245084.jpg","Big Hero 6"
"tt1217209","tt1217209.jpg","Brave"
"tt1772341","tt1772341.jpg","Wreck-It Ralph"
"tt0351283","tt0351283.jpg","Madagascar"
"tt0317219","tt0317219.jpg","Cars"
"tt0103639","tt0103639.jpg","Aladdin"
"tt1490017","tt1490017.jpg","The LEGO Movie"
"tt0462538","tt0462538.jpg","The Simpsons Movie"
"tt0119698","tt0119698.jpg","Princess Mononoke"
"tt0107688","tt0107688.jpg","The Nightmare Before Christmas"
"tt0347149","tt0347149.jpg","Howl's Moving Castle"
"tt0120623","tt0120623.jpg","A Bug's Life"
"tt0121164","tt0121164.jpg","Corpse Bride"
"tt0096283","tt0096283.jpg","My Neighbor Totoro"
"tt1192628","tt1192628.jpg","Rango"
"tt0120762","tt0120762.jpg","Mulan"
"tt0097757","tt0097757.jpg","The Little Mermaid"
"tt1001526","tt1001526.jpg","Megamind"
"tt0983193","tt0983193.jpg","The Adventures of Tintin: The Secret of the Unicorn"
"tt0837562","tt0837562.jpg","Hotel Transylvania"
"tt1436562","tt1436562.jpg","Rio"
"tt0109830","tt0109830.jpg","Forrest Gump"
"tt0120338","tt0120338.jpg","Titanic"
"tt0338013","tt0338013.jpg","Eternal Sunshine of the Spotless Mind"
"tt1010048","tt1010048.jpg","Slumdog Millionaire"
"tt0211915","tt0211915.jpg","Am�lie"
"tt1045658","tt1045658.jpg","Silver Linings Playbook"
"tt0107048","tt0107048.jpg","Groundhog Day"
"tt0332280","tt0332280.jpg","The Notebook"
"tt0162222","tt0162222.jpg","Cast Away"
"tt0034583","tt0034583.jpg","Casablanca"
"tt0945513","tt0945513.jpg","Source Code"
"tt0332452","tt0332452.jpg","Troy"
"tt1798709","tt1798709.jpg","Her"
"tt1022603","tt1022603.jpg","500 Days of Summer"
"tt1570728","tt1570728.jpg","Crazy, Stupid, Love."
"tt1343092","tt1343092.jpg","The Great Gatsby"
"tt1659337","tt1659337.jpg","The Perks of Being a Wallflower"
"tt0099487","tt0099487.jpg","Edward Scissorhands"
"tt1099212","tt1099212.jpg","Twilight"
"tt0314331","tt0314331.jpg","Love Actually"
"tt0405422","tt0405422.jpg","The 40 Year-Old Virgin"
"tt0362227","tt0362227.jpg","The Terminal"
"tt1605783","tt1605783.jpg","Midnight in Paris"
"tt0443543","tt0443543.jpg","The Illusionist"
"tt2980516","tt2980516.jpg","The Theory of Everything"
"tt0478311","tt0478311.jpg","Knocked Up"
"tt0446029","tt0446029.jpg","Scott Pilgrim vs. the World"
"tt1282140","tt1282140.jpg","Easy A"
"tt0396269","tt0396269.jpg","Wedding Crashers"
"tt1632708","tt1632708.jpg","Friends with Benefits"
"tt1068680","tt1068680.jpg","Yes Man"
"tt1306980","tt1306980.jpg","50/50"
"tt0343660","tt0343660.jpg","50 First Dates"
"tt2582846","tt2582846.jpg","The Fault in our Stars"
"tt1193138","tt1193138.jpg","Up in the Air"
"tt0052357","tt0052357.jpg","Vertigo"
"tt0388795","tt0388795.jpg","Brokeback Mountain"
"tt0212338","tt0212338.jpg","Meet the Parents"
"tt0399201","tt0399201.jpg","The Island"
"tt0386588","tt0386588.jpg","Hitch"
"tt0120737","tt0120737.jpg","The Lord of the Rings: The Fellowship of the Ring"
"tt0076759","tt0076759.jpg","Star Wars: Episode IV - A New Hope"
"tt0499549","tt0499549.jpg","Avatar"
"tt0120689","tt0120689.jpg","The Green Mile"
"tt0325980","tt0325980.jpg","Pirates of the Caribbean: The Curse of the Black Pearl"
"tt0903624","tt0903624.jpg","The Hobbit: An Unexpected Journey"
"tt0416449","tt0416449.jpg",300
"tt1201607","tt1201607.jpg","Harry Potter and the Deathly Hallows: Part 2"
"tt0770828","tt0770828.jpg","Man of Steel"
"tt0800369","tt0800369.jpg","Thor"
"tt0457430","tt0457430.jpg","Pan's Labyrinth"
"tt1637725","tt1637725.jpg","Ted"
"tt0454876","tt0454876.jpg","Life of Pi"
"tt1386697","tt1386697.jpg","Suicide Squad"
"tt0071853","tt0071853.jpg","Monty Python and the Holy Grail"
"tt1211837","tt1211837.jpg","Doctor Strange"
"tt0451279","tt0451279.jpg","Wonder Woman"
"tt0120616","tt0120616.jpg","The Mummy"
"tt1245492","tt1245492.jpg","This is the End"
"tt1014759","tt1014759.jpg","Alice in Wonderland"
"tt0093779","tt0093779.jpg","The Princess Bride"
"tt0315327","tt0315327.jpg","Bruce Almighty"
"tt0032138","tt0032138.jpg","The Wizard of Oz"
"tt0493464","tt0493464.jpg","Wanted"
"tt0038650","tt0038650.jpg","It's a Wonderful Life"
"tt0363771","tt0363771.jpg","The Chronicles of Narnia: The Lion, the Witch and the Wardrobe"
"tt0110475","tt0110475.jpg","The Mask"
"tt3183660","tt3183660.jpg","Fantastic Beasts and Where to Find Them"
"tt0120601","tt0120601.jpg","Being John Malkovich"
"tt0389860","tt0389860.jpg","Click"
"tt0800320","tt0800320.jpg","Clash of the Titans"
"tt0113497","tt0113497.jpg","Jumanji"
"tt0119528","tt0119528.jpg","Liar Liar"
"tt0473075","tt0473075.jpg","Prince of Persia: The Sands of Time"
"tt2194499","tt2194499.jpg","About Time"
"tt0190332","tt0190332.jpg","Crouching Tiger, Hidden Dragon"
"tt0320691","tt0320691.jpg","Underworld"
"tt0486655","tt0486655.jpg","Stardust"
"tt0486576","tt0486576.jpg","Fantastic 4: Rise of the Silver Surfer"
"tt0259711","tt0259711.jpg","Vanilla Sky"
"tt0111161","tt0111161.jpg","The Shawshank Redemption"
"tt0468569","tt0468569.jpg","The Dark Knight"
"tt0110912","tt0110912.jpg","Pulp Fiction"
"tt0068646","tt0068646.jpg","The Godfather"
"tt0114369","tt0114369.jpg","Se7en"
"tt0102926","tt0102926.jpg","The Silence of the Lambs"
"tt0407887","tt0407887.jpg","The Departed"
"tt0993846","tt0993846.jpg","The Wolf of Wall Street"
"tt0120586","tt0120586.jpg","American History X"
"tt0114814","tt0114814.jpg","The Usual Suspects"
"tt0110413","tt0110413.jpg","L�on"
"tt0266697","tt0266697.jpg","Kill Bill: Vol. 1"
"tt0099685","tt0099685.jpg","Goodfellas"
"tt0105236","tt0105236.jpg","Reservoir Dogs"
"tt0401792","tt0401792.jpg","Sin City"
"tt0477348","tt0477348.jpg","No Country for Old Men"
"tt2267998","tt2267998.jpg","Gone Girl"
"tt0208092","tt0208092.jpg","Snatch"
"tt0264464","tt0264464.jpg","Catch Me If You Can"
"tt0066921","tt0066921.jpg","A Clockwork Orange"
"tt0118715","tt0118715.jpg","The Big Lebowski"
"tt0086250","tt0086250.jpg","Scarface"
"tt0317248","tt0317248.jpg","City of God"
"tt0075314","tt0075314.jpg","Taxi Driver"
"tt0050083","tt0050083.jpg","12 Angry Men"
"tt0988045","tt0988045.jpg","Sherlock Holmes"
"tt0936501","tt0936501.jpg","Taken"
"tt1670345","tt1670345.jpg","Now You See Me"
"tt0116282","tt0116282.jpg","Fargo"
"tt0780504","tt0780504.jpg","Drive"
"tt0113277","tt0113277.jpg","Heat"
"tt1276104","tt1276104.jpg","Looper"
"tt1392214","tt1392214.jpg","Prisoners"
"tt0120735","tt0120735.jpg","Lock, Stock and Two Smoking Barrels"
"tt0119488","tt0119488.jpg","L.A. Confidential"
"tt1232829","tt1232829.jpg","21 Jump Street"
"tt0240772","tt0240772.jpg","Ocean's Eleven"
"tt0181689","tt0181689.jpg","Minority Report"
"tt0343818","tt0343818.jpg","I, Robot"
"tt0144084","tt0144084.jpg","American Psycho"
"tt0209144","tt0209144.jpg","Memento"
"tt1130884","tt1130884.jpg","Shutter Island"
"tt0103064","tt0103064.jpg","Terminator 2: Judgment Day"
"tt0167404","tt0167404.jpg","The Sixth Sense"
"tt1392170","tt1392170.jpg","The Hunger Games"
"tt0107290","tt0107290.jpg","Jurassic Park"
"tt0095016","tt0095016.jpg","Die Hard"
"tt1454468","tt1454468.jpg","Gravity"
"tt0246578","tt0246578.jpg","Donnie Darko"
"tt0947798","tt0947798.jpg","Black Swan"
"tt1136608","tt1136608.jpg","District 9"
"tt1074638","tt1074638.jpg","Skyfall"
"tt0083658","tt0083658.jpg","Blade Runner"
"tt0440963","tt0440963.jpg","The Bourne Ultimatum"
"tt0114746","tt0114746.jpg","Twelve Monkeys"
"tt1024648","tt1024648.jpg","Argo"
"tt0073195","tt0073195.jpg","Jaws"
"tt1219289","tt1219289.jpg","Limitless"
"tt0450259","tt0450259.jpg","Blood Diamond"
"tt0364569","tt0364569.jpg","Oldboy"
"tt0206634","tt0206634.jpg","Children of Men"
"tt0289879","tt0289879.jpg","The Butterfly Effect"
"tt1229238","tt1229238.jpg","Mission: Impossible - Ghost Protocol"
"tt0375679","tt0375679.jpg","Crash"
"tt2872732","tt2872732.jpg","Lucy"
"tt2911666","tt2911666.jpg","John Wick"
"tt0887912","tt0887912.jpg","The Hurt Locker"
"tt0407304","tt0407304.jpg","War of the Worlds"
"tt1535109","tt1535109.jpg","Captain Phillips"
"tt2872718","tt2872718.jpg","Nightcrawler"
"tt0047396","tt0047396.jpg","Rear Window"
"tt0382625","tt0382625.jpg","The Da Vinci Code"
"tt0139654","tt0139654.jpg","Training Day"
"tt1905041","tt1905041.jpg","Furious 6"
"tt1637688","tt1637688.jpg","In Time"
"tt0093773","tt0093773.jpg","Predator"
"tt0369339","tt0369339.jpg","Collateral"
"tt0361862","tt0361862.jpg","The Machinist"
"tt1650062","tt1650062.jpg","Super 8"
"tt0317740","tt0317740.jpg","The Italian Job"
"tt0088763","tt0088763.jpg","Back to the Future"
"tt0120382","tt0120382.jpg","The Truman Show"
"tt1431045","tt1431045.jpg","Deadpool"
"tt1119646","tt1119646.jpg","The Hangover"
"tt1675434","tt1675434.jpg","Untouchable"
"tt2278388","tt2278388.jpg","The Grand Budapest Hotel"
"tt2802144","tt2802144.jpg","Kingsman: The Secret Service"
"tt0118799","tt0118799.jpg","Life is Beautiful"
"tt1250777","tt1250777.jpg","Kick-Ass"
"tt2562232","tt2562232.jpg","Birdman or (The Unexpected Virtue of Ignorance)"
"tt0119654","tt0119654.jpg","Men in Black"
"tt0467406","tt0467406.jpg","Juno"
"tt0478970","tt0478970.jpg","Ant-Man"
"tt0425112","tt0425112.jpg","Hot Fuzz"
"tt0449059","tt0449059.jpg","Little Miss Sunshine"
"tt0356910","tt0356910.jpg","Mr. & Mrs. Smith"
"tt0057012","tt0057012.jpg","Dr. Strangelove or: How I Learned to Stop Worrying and Love the Bomb"
"tt0099785","tt0099785.jpg","Home Alone"
"tt0367594","tt0367594.jpg","Charlie and the Chocolate Factory"
"tt1723121","tt1723121.jpg","We're the Millers"
"tt3783958","tt3783958.jpg","La La Land"
"tt0163651","tt0163651.jpg","American Pie"
"tt0780536","tt0780536.jpg","In Bruges"
"tt0942385","tt0942385.jpg","Tropic Thunder"
"tt0443453","tt0443453.jpg","Borat: Cultural Learnings of America for Make Benefit Glorious Nation of Kazakhstan"
"tt0097165","tt0097165.jpg","Dead Poets Society"
"tt0458352","tt0458352.jpg","The Devil Wears Prada"
"tt0109686","tt0109686.jpg","Dumb and Dumber"
"tt0079470","tt0079470.jpg","Life of Brian"
"tt0087332","tt0087332.jpg","Ghostbusters"
"tt0357413","tt0357413.jpg","Anchorman: The Legend of Ron Burgundy"
"tt0088847","tt0088847.jpg","The Breakfast Club"
"tt1231583","tt1231583.jpg","Due Date"
"tt0910936","tt0910936.jpg","Pineapple Express"
"tt0377092","tt0377092.jpg","Mean Girls"
"tt1596363","tt1596363.jpg","The Big Short"
"tt2788710","tt2788710.jpg","The Interview"
"tt0091042","tt0091042.jpg","Ferris Bueller's Day Off"
"tt0887883","tt0887883.jpg","Burn After Reading"
"tt1748122","tt1748122.jpg","Moonrise Kingdom"
"tt1375666","tt1375666.jpg","Inception"
"tt0133093","tt0133093.jpg","The Matrix"
"tt0816692","tt0816692.jpg","Interstellar"
"tt0848228","tt0848228.jpg","Avengers Assemble"
"tt0482571","tt0482571.jpg","The Prestige"
"tt0434409","tt0434409.jpg","V for Vendetta"
"tt2015381","tt2015381.jpg","Guardians of the Galaxy"
"tt0371746","tt0371746.jpg","Iron Man"
"tt1392190","tt1392190.jpg","Mad Max: Fury Road"
"tt3659388","tt3659388.jpg","The Martian"
"tt0145487","tt0145487.jpg","Spider-Man"
"tt1877832","tt1877832.jpg","X-Men: Days of Future Past"
"tt0418279","tt0418279.jpg","Transformers"
"tt0796366","tt0796366.jpg","Star Trek"
"tt1446714","tt1446714.jpg","Prometheus"
"tt1631867","tt1631867.jpg","Edge of Tomorrow"
"tt0062622","tt0062622.jpg","2001: A Space Odyssey"
"tt0116629","tt0116629.jpg","Independence Day"
"tt1318514","tt1318514.jpg","Rise of the Planet of the Apes"
"tt2543164","tt2543164.jpg","Arrival"
"tt1663662","tt1663662.jpg","Pacific Rim"
"tt0119116","tt0119116.jpg","The Fifth Element"
"tt1840309","tt1840309.jpg","Divergent"
"tt1535108","tt1535108.jpg","Elysium"
"tt0470752","tt0470752.jpg","Ex Machina"
"tt0319262","tt0319262.jpg","The Day After Tomorrow"
"tt0800080","tt0800080.jpg","The Incredible Hulk"
"tt1790864","tt1790864.jpg","The Maze Runner"
"tt0120591","tt0120591.jpg","Armageddon"
"tt0831387","tt0831387.jpg","Godzilla"
"tt0083866","tt0083866.jpg","E.T. the Extra-Terrestrial"
"tt1190080","tt1190080.jpg",2012
"tt0119094","tt0119094.jpg","Face/Off"
"tt0286106","tt0286106.jpg","Signs"
"tt1182345","tt1182345.jpg","Moon"
"tt0217869","tt0217869.jpg","Unbreakable"
"tt1104001","tt1104001.jpg","Tron"
"tt0238380","tt0238380.jpg","Equilibrium"
"tt0100802","tt0100802.jpg","Total Recall"
"tt0212720","tt0212720.jpg","A.I. Artificial Intelligence"
"tt0172495","tt0172495.jpg","Gladiator"
"tt0082971","tt0082971.jpg","Raiders of the Lost Ark"
"tt1483013","tt1483013.jpg","Oblivion"
"tt0409459","tt0409459.jpg","Watchmen"
"tt0448157","tt0448157.jpg","Hancock"
"tt2179136","tt2179136.jpg","American Sniper"
"tt1979320","tt1979320.jpg","Rush"
"tt2713180","tt2713180.jpg","Fury"
"tt0325710","tt0325710.jpg","The Last Samurai"
"tt0360717","tt0360717.jpg","King Kong"
"tt5013056","tt5013056.jpg","Dunkirk"
"tt1371111","tt1371111.jpg","Cloud Atlas"
"tt1320253","tt1320253.jpg","The Expendables"
"tt0328107","tt0328107.jpg","Man on Fire"
"tt0111257","tt0111257.jpg","Speed"
"tt1587310","tt1587310.jpg","Maleficent"
"tt0117500","tt0117500.jpg","The Rock"
"tt0213149","tt0213149.jpg","Pearl Harbor"
"tt0822854","tt0822854.jpg","Shooter"
"tt0368891","tt0368891.jpg","National Treasure"
"tt0433035","tt0433035.jpg","Real Steel"
"tt3397884","tt3397884.jpg","Sicario"
"tt0944835","tt0944835.jpg","Salt"
"tt0790724","tt0790724.jpg","Jack Reacher"
"tt0489099","tt0489099.jpg","Jumper"
"tt0455944","tt0455944.jpg","The Equalizer"
"tt0379786","tt0379786.jpg","Serenity"
"tt1245526","tt1245526.jpg","RED"
"tt0293662","tt0293662.jpg","The Transporter"
"tt0472043","tt0472043.jpg","Apocalypto"
"tt1037705","tt1037705.jpg","The Book of Eli"
"tt3890160","tt3890160.jpg","Baby Driver"
"tt1735898","tt1735898.jpg","Snow White and the Huntsman"
"tt0053125","tt0053125.jpg","North by Northwest"
"tt0118880","tt0118880.jpg","Con Air"
"tt0092099","tt0092099.jpg","Top Gun"
"tt0120201","tt0120201.jpg","Starship Troopers"
"tt0320661","tt0320661.jpg","Kingdom of Heaven"
"tt0187078","tt0187078.jpg","Gone in Sixty Seconds"
"tt0106977","tt0106977.jpg","The Fugitive"
"tt0137523","tt0137523.jpg","Fight Club"
"tt1853728","tt1853728.jpg","Django Unchained"
"tt0361748","tt0361748.jpg","Inglourious Basterds"
"tt0120815","tt0120815.jpg","Saving Private Ryan"
"tt0108052","tt0108052.jpg","Schindler's List"
"tt0169547","tt0169547.jpg","American Beauty"
"tt0112573","tt0112573.jpg","Braveheart"
"tt0073486","tt0073486.jpg","One Flew Over the Cuckoo's Nest"
"tt0268978","tt0268978.jpg","A Beautiful Mind"
"tt0119217","tt0119217.jpg","Good Will Hunting"
"tt0180093","tt0180093.jpg","Requiem for a Dream"
"tt1205489","tt1205489.jpg","Gran Torino"
"tt0253474","tt0253474.jpg","The Pianist"
"tt2084970","tt2084970.jpg","The Imitation Game"
"tt1504320","tt1504320.jpg","The King's Speech"
"tt0093058","tt0093058.jpg","Full Metal Jacket"
"tt0117951","tt0117951.jpg","Trainspotting"
"tt1663202","tt1663202.jpg","The Revenant"
"tt0405159","tt0405159.jpg","Million Dollar Baby"
"tt1285016","tt1285016.jpg","The Social Network"
"tt2582802","tt2582802.jpg","Whiplash"
"tt2024544","tt2024544.jpg","12 Years a Slave"
"tt0078788","tt0078788.jpg","Apocalypse Now"
"tt0758758","tt0758758.jpg","Into the Wild"
"tt0075148","tt0075148.jpg","Rocky"
"tt0469494","tt0469494.jpg","There Will Be Blood"
"tt0095953","tt0095953.jpg","Rain Man"
"tt1800241","tt1800241.jpg","American Hustle"
"tt0454921","tt0454921.jpg","The Pursuit of Happyness"
"tt3460252","tt3460252.jpg","The Hateful Eight"
"tt0112641","tt0112641.jpg","Casino"
"tt1291584","tt1291584.jpg","Warrior"
"tt0790636","tt0790636.jpg","Dallas Buyers Club"
"tt0327056","tt0327056.jpg","Mystic River"
"tt1568346","tt1568346.jpg","The Girl with the Dragon Tattoo"
"tt1454029","tt1454029.jpg","The Help"
"tt0443706","tt0443706.jpg","Zodiac"
"tt0335266","tt0335266.jpg","Lost in Translation"
"tt0217505","tt0217505.jpg","Gangs of New York"
"tt0033467","tt0033467.jpg","Citizen Kane"
